Key,phoneA,phoneB,Call_start,Call_end,Scam_YesNo
1,6090000009,6590000010,11/10/2019 1:58,11/10/2019 2:00,No
2,6590000010,6090000009,25/10/2019 21:31,25/10/2019 21:33,No
3,6590000010,6090000009,30/10/2019 11:17,30/10/2019 11:18,No
4,6090000009,6590000010,2/10/2019 3:17,2/10/2019 3:18,No
5,6590000010,6090000009,2/10/2019 22:26,2/10/2019 22:28,No
6,6090000009,6590000010,3/10/2019 21:30,3/10/2019 21:32,No
7,6090000009,6590000010,19/10/2019 5:46,19/10/2019 5:47,No
8,6590000010,6090000009,26/10/2019 3:04,26/10/2019 3:06,No
9,6090000009,6590000010,29/10/2019 13:49,29/10/2019 13:50,No
10,6590000010,6090000009,4/10/2019 8:50,4/10/2019 8:52,No
12,6590000010,6090000009,20/10/2019 17:03,20/10/2019 17:04,No
13,6090000009,6590000010,3/10/2019 3:31,3/10/2019 3:32,No
15,6590000010,6090000009,22/10/2019 3:23,22/10/2019 3:24,No
16,6590000010,6090000009,13/10/2019 9:55,13/10/2019 9:57,No
18,6090000009,6590000010,22/10/2019 0:45,22/10/2019 0:47,No
19,6590000010,6090000009,6/10/2019 19:36,6/10/2019 19:37,No
20,6090000009,6590000010,6/10/2019 1:19,6/10/2019 1:21,No
21,6090000009,6590000010,6/10/2019 7:16,6/10/2019 7:18,No
23,6090000009,6590000010,12/10/2019 11:08,12/10/2019 11:09,No
24,6090000009,6590000010,19/10/2019 0:07,19/10/2019 0:08,No
27,6090000008,6590000010,19/10/2019 21:25,19/10/2019 21:27,No
28,6090000008,6590000010,11/10/2019 14:22,11/10/2019 14:23,No
29,6090000008,6590000010,8/10/2019 14:33,8/10/2019 14:35,No
30,6590000010,6090000008,13/10/2019 19:51,13/10/2019 19:52,No
31,6090000008,6590000010,23/10/2019 16:49,23/10/2019 16:50,No
32,6090000008,6590000010,25/10/2019 3:53,25/10/2019 3:55,No
33,6090000008,6590000010,26/10/2019 7:16,26/10/2019 7:18,No
34,6090000008,6590000010,22/10/2019 19:04,22/10/2019 19:06,No
35,6590000010,6090000008,19/10/2019 23:35,19/10/2019 23:36,No
37,6590000010,6090000008,7/10/2019 14:08,7/10/2019 14:10,No
39,6590000010,6090000008,7/10/2019 17:25,7/10/2019 17:26,No
41,6590000010,6090000008,10/10/2019 3:22,10/10/2019 3:24,No
42,6090000008,6590000010,23/10/2019 11:11,23/10/2019 11:12,No
44,6090000008,6590000010,20/10/2019 19:56,20/10/2019 19:58,No
45,6090000008,6590000010,2/10/2019 19:35,2/10/2019 19:37,No
46,6590000010,6090000008,7/10/2019 13:38,7/10/2019 13:40,No
47,6590000010,6090000008,8/10/2019 15:40,8/10/2019 15:41,No
50,6590000010,6090000008,22/10/2019 0:41,22/10/2019 0:42,No
51,6090000008,6590000010,16/10/2019 23:12,16/10/2019 23:14,No
52,6090000008,6590000010,27/10/2019 2:18,27/10/2019 2:19,No
53,6090000008,6590000010,20/10/2019 5:44,20/10/2019 5:46,No
54,6090000008,6590000010,7/10/2019 4:06,7/10/2019 4:08,No
55,6090000008,6590000010,7/10/2019 9:01,7/10/2019 9:02,No
57,6090000008,6090000009,13/10/2019 3:45,13/10/2019 3:46,No
58,6090000009,6090000008,5/10/2019 7:16,5/10/2019 7:17,No
59,6090000008,6090000009,20/10/2019 16:47,20/10/2019 16:48,No
60,6090000008,6090000009,18/10/2019 21:39,18/10/2019 21:40,No
63,6090000008,6090000009,26/10/2019 23:32,26/10/2019 23:34,No
66,6090000009,6090000008,25/10/2019 14:37,25/10/2019 14:38,No
67,6090000009,6090000008,22/10/2019 20:00,22/10/2019 20:01,No
68,6090000008,6090000009,20/10/2019 22:18,20/10/2019 22:19,No
71,6090000009,6090000008,10/10/2019 12:16,10/10/2019 12:17,No
73,6090000009,6090000008,18/10/2019 13:32,18/10/2019 13:34,No
76,6090000009,6090000008,22/10/2019 22:23,22/10/2019 22:25,No
77,6090000008,6090000009,12/10/2019 7:23,12/10/2019 7:24,No
78,6090000008,6090000009,18/10/2019 1:05,18/10/2019 1:06,No
79,6090000007,6590000010,23/10/2019 2:51,23/10/2019 2:52,No
81,6090000007,6590000010,23/10/2019 21:07,23/10/2019 21:09,No
85,6590000010,6090000007,16/10/2019 5:09,16/10/2019 5:10,No
87,6090000007,6590000010,4/10/2019 10:35,4/10/2019 10:37,No
88,6590000010,6090000007,22/10/2019 19:40,22/10/2019 19:41,No
89,6090000007,6590000010,16/10/2019 17:04,16/10/2019 17:04,No
90,6590000010,6090000007,16/10/2019 16:22,16/10/2019 16:23,No
91,6590000010,6090000007,16/10/2019 11:50,16/10/2019 11:51,No
93,6090000007,6590000010,8/10/2019 22:48,8/10/2019 22:50,No
94,6590000010,6090000007,12/10/2019 20:49,12/10/2019 20:51,No
95,6090000007,6590000010,1/10/2019 11:20,1/10/2019 11:22,No
97,6090000007,6590000010,6/10/2019 15:26,6/10/2019 15:28,No
98,6090000009,6090000007,5/10/2019 0:06,5/10/2019 0:08,No
99,6090000009,6090000007,19/10/2019 16:47,19/10/2019 16:48,No
100,6090000009,6090000007,4/10/2019 5:20,4/10/2019 5:22,No
101,6090000009,6090000007,29/10/2019 4:04,29/10/2019 4:05,No
102,6090000009,6090000007,5/10/2019 0:44,5/10/2019 0:46,No
103,6090000007,6090000009,2/10/2019 14:07,2/10/2019 14:09,No
105,6090000009,6090000007,13/10/2019 5:38,13/10/2019 5:40,No
106,6090000009,6090000007,9/10/2019 16:41,9/10/2019 16:44,No
107,6090000009,6090000007,11/10/2019 0:34,11/10/2019 0:35,No
108,6090000009,6090000007,28/10/2019 16:31,28/10/2019 16:32,No
111,6090000009,6090000007,22/10/2019 19:46,22/10/2019 19:47,No
112,6090000007,6090000009,7/10/2019 16:46,7/10/2019 16:49,No
113,6090000007,6090000009,29/10/2019 4:30,29/10/2019 4:31,No
118,6090000009,6090000007,19/10/2019 2:52,19/10/2019 2:53,No
119,6090000009,6090000007,2/10/2019 17:28,2/10/2019 17:29,No
120,6090000009,6090000007,15/10/2019 13:51,15/10/2019 13:52,No
121,6090000007,6090000009,24/10/2019 3:08,24/10/2019 3:10,No
122,6090000009,6090000007,30/10/2019 8:45,30/10/2019 8:47,No
123,6090000007,6090000009,14/10/2019 22:35,14/10/2019 22:37,No
124,6090000008,6090000007,7/10/2019 5:04,7/10/2019 5:05,No
125,6090000007,6090000008,2/10/2019 21:01,2/10/2019 21:03,No
127,6090000008,6090000007,29/10/2019 9:31,29/10/2019 9:33,No
128,6090000007,6090000008,15/10/2019 10:26,15/10/2019 10:28,No
129,6090000007,6090000008,23/10/2019 22:03,23/10/2019 22:04,No
130,6090000007,6090000008,3/10/2019 3:34,3/10/2019 3:36,No
131,6090000008,6090000007,6/10/2019 14:43,6/10/2019 14:45,No
132,6090000008,6090000007,21/10/2019 10:02,21/10/2019 10:04,No
133,6090000008,6090000007,8/10/2019 15:11,8/10/2019 15:13,No
134,6090000007,6090000008,29/10/2019 10:27,29/10/2019 10:28,No
135,6090000008,6090000007,6/10/2019 23:57,6/10/2019 23:59,No
136,6090000008,6090000007,28/10/2019 18:10,28/10/2019 18:12,No
137,6090000008,6090000007,7/10/2019 4:23,7/10/2019 4:24,No
139,6090000007,6090000008,28/10/2019 18:41,28/10/2019 18:42,No
140,6090000007,6090000008,5/10/2019 10:14,5/10/2019 10:15,No
142,6090000007,6090000008,10/10/2019 13:46,10/10/2019 13:47,No
144,6090000008,6090000007,20/10/2019 15:18,20/10/2019 15:19,No
146,6090000008,6090000007,28/10/2019 17:03,28/10/2019 17:04,No
147,6090000007,6090000008,13/10/2019 13:50,13/10/2019 13:51,No
148,6090000007,6090000008,22/10/2019 21:47,22/10/2019 21:48,No
149,6090000008,6090000007,10/10/2019 2:33,10/10/2019 2:34,No
150,6090000008,6090000007,17/10/2019 4:30,17/10/2019 4:32,No
151,6090000007,6090000008,27/10/2019 19:19,27/10/2019 19:21,No
152,6090000007,6090000008,22/10/2019 16:08,22/10/2019 16:09,No
153,6090000008,6090000007,27/10/2019 10:04,27/10/2019 10:06,No
155,6090000008,6090000007,30/10/2019 17:21,30/10/2019 17:21,No
156,6090000008,6090000007,14/10/2019 14:19,14/10/2019 14:21,No
157,6090000008,6090000007,14/10/2019 13:19,14/10/2019 13:20,No
159,6590000010,3490000006,8/10/2019 6:59,8/10/2019 7:01,No
162,6590000010,3490000006,30/10/2019 23:35,30/10/2019 23:36,No
164,6590000010,3490000006,14/10/2019 9:32,14/10/2019 9:34,No
165,6590000010,3490000006,11/10/2019 14:32,11/10/2019 14:34,No
167,3490000006,6590000010,1/10/2019 21:24,1/10/2019 21:25,No
169,3490000006,6590000010,16/10/2019 23:57,16/10/2019 23:59,No
170,3490000006,6590000010,2/10/2019 16:36,2/10/2019 16:37,No
171,3490000006,6590000010,19/10/2019 18:34,19/10/2019 18:36,No
173,6590000010,3490000006,9/10/2019 16:27,9/10/2019 16:29,No
174,3490000006,6590000010,29/10/2019 13:45,29/10/2019 13:48,No
180,3490000006,6590000010,11/10/2019 14:54,11/10/2019 14:56,No
183,6590000010,3490000006,14/10/2019 17:50,14/10/2019 17:52,No
184,6590000010,3490000006,24/10/2019 10:22,24/10/2019 10:24,No
185,6590000010,3490000006,20/10/2019 8:28,20/10/2019 8:30,No
186,6590000010,3490000006,16/10/2019 11:12,16/10/2019 11:14,No
187,6590000010,3490000006,30/10/2019 4:42,30/10/2019 4:44,No
188,6590000010,3490000006,29/10/2019 11:11,29/10/2019 11:12,No
189,3490000006,6590000010,19/10/2019 12:41,19/10/2019 12:42,No
190,6590000010,3490000006,27/10/2019 8:22,27/10/2019 8:23,No
191,3490000006,6590000010,10/10/2019 2:47,10/10/2019 2:49,No
192,3490000006,6590000010,26/10/2019 10:53,26/10/2019 10:54,No
193,3490000006,6590000010,16/10/2019 1:30,16/10/2019 1:31,No
194,6590000010,3490000006,21/10/2019 20:43,21/10/2019 20:45,No
196,3490000006,6090000009,16/10/2019 14:05,16/10/2019 14:06,No
197,3490000006,6090000009,4/10/2019 9:17,4/10/2019 9:19,No
199,3490000006,6090000009,20/10/2019 0:02,20/10/2019 0:03,No
200,6090000009,3490000006,22/10/2019 9:49,22/10/2019 9:50,No
201,3490000006,6090000009,26/10/2019 5:04,26/10/2019 5:05,No
202,6090000009,3490000006,30/10/2019 10:17,30/10/2019 10:19,No
203,3490000006,6090000009,27/10/2019 20:37,27/10/2019 20:38,No
204,6090000009,3490000006,30/10/2019 22:27,30/10/2019 22:28,No
206,6090000009,3490000006,23/10/2019 6:12,23/10/2019 6:14,No
208,6090000009,3490000006,2/10/2019 7:44,2/10/2019 7:45,No
210,3490000006,6090000009,1/10/2019 5:44,1/10/2019 5:45,No
211,3490000006,6090000009,29/10/2019 20:06,29/10/2019 20:08,No
213,6090000009,3490000006,4/10/2019 18:47,4/10/2019 18:48,No
214,6090000009,3490000006,12/10/2019 21:43,12/10/2019 21:44,No
215,6090000009,3490000006,10/10/2019 6:33,10/10/2019 6:34,No
216,3490000006,6090000009,25/10/2019 2:06,25/10/2019 2:08,No
217,3490000006,6090000009,5/10/2019 12:19,5/10/2019 12:21,No
218,3490000006,6090000009,4/10/2019 23:16,4/10/2019 23:18,No
220,6090000009,3490000006,15/10/2019 1:40,15/10/2019 1:42,No
221,6090000009,3490000006,3/10/2019 23:44,3/10/2019 23:45,No
222,6090000009,3490000006,5/10/2019 20:31,5/10/2019 20:32,No
223,3490000006,6090000009,15/10/2019 16:35,15/10/2019 16:36,No
224,6090000009,3490000006,30/10/2019 16:54,30/10/2019 16:55,No
225,3490000006,6090000009,26/10/2019 6:04,26/10/2019 6:06,No
226,6090000009,3490000006,16/10/2019 13:45,16/10/2019 13:47,No
228,3490000006,6090000009,22/10/2019 11:15,22/10/2019 11:17,No
231,3490000006,6090000009,29/10/2019 16:14,29/10/2019 16:16,No
232,3490000006,6090000009,14/10/2019 14:59,14/10/2019 15:00,No
233,6090000009,3490000006,4/10/2019 0:46,4/10/2019 0:48,No
234,6090000009,3490000006,17/10/2019 21:26,17/10/2019 21:28,No
235,6090000009,3490000006,7/10/2019 19:10,7/10/2019 19:12,No
236,6090000009,3490000006,3/10/2019 18:06,3/10/2019 18:07,No
237,6090000009,3490000006,15/10/2019 0:34,15/10/2019 0:35,No
238,6090000009,3490000006,15/10/2019 14:00,15/10/2019 14:01,No
240,6090000009,3490000006,23/10/2019 8:14,23/10/2019 8:15,No
241,3490000006,6090000009,12/10/2019 5:33,12/10/2019 5:34,No
243,3490000006,6090000009,7/10/2019 9:09,7/10/2019 9:10,No
244,6090000009,3490000006,14/10/2019 3:44,14/10/2019 3:46,No
245,6090000009,3490000006,22/10/2019 18:38,22/10/2019 18:39,No
246,3490000006,6090000009,23/10/2019 19:38,23/10/2019 19:40,No
247,6090000009,3490000006,19/10/2019 7:15,19/10/2019 7:17,No
248,6090000008,3490000006,11/10/2019 13:16,11/10/2019 13:18,No
249,3490000006,6090000008,16/10/2019 2:27,16/10/2019 2:29,No
250,6090000008,3490000006,7/10/2019 9:03,7/10/2019 9:04,No
251,3490000006,6090000008,15/10/2019 15:46,15/10/2019 15:48,No
252,6090000008,3490000006,3/10/2019 0:20,3/10/2019 0:21,No
253,6090000008,3490000006,26/10/2019 4:59,26/10/2019 5:00,No
255,3490000006,6090000008,16/10/2019 5:24,16/10/2019 5:26,No
256,3490000006,6090000008,27/10/2019 15:28,27/10/2019 15:29,No
259,6090000008,3490000006,19/10/2019 22:35,19/10/2019 22:36,No
260,3490000006,6090000008,10/10/2019 17:06,10/10/2019 17:08,No
261,6090000008,3490000006,21/10/2019 7:54,21/10/2019 7:56,No
262,3490000006,6090000008,2/10/2019 0:46,2/10/2019 0:48,No
263,3490000006,6090000008,16/10/2019 14:08,16/10/2019 14:10,No
264,3490000006,6090000008,14/10/2019 3:00,14/10/2019 3:02,No
265,3490000006,6090000008,18/10/2019 9:02,18/10/2019 9:03,No
267,3490000006,6090000008,15/10/2019 16:13,15/10/2019 16:15,No
268,3490000006,6090000008,6/10/2019 19:07,6/10/2019 19:08,No
271,6090000008,3490000006,28/10/2019 20:10,28/10/2019 20:11,No
272,3490000006,6090000008,16/10/2019 14:15,16/10/2019 14:16,No
274,3490000006,6090000008,4/10/2019 9:02,4/10/2019 9:04,No
276,6090000008,3490000006,27/10/2019 7:49,27/10/2019 7:50,No
278,6090000008,3490000006,14/10/2019 4:13,14/10/2019 4:15,No
279,6090000008,3490000006,21/10/2019 9:39,21/10/2019 9:40,No
280,3490000006,6090000008,4/10/2019 16:16,4/10/2019 16:18,No
281,6090000008,3490000006,24/10/2019 6:08,24/10/2019 6:10,No
282,6090000008,3490000006,21/10/2019 10:22,21/10/2019 10:23,No
283,6090000008,3490000006,21/10/2019 6:46,21/10/2019 6:48,No
284,3490000006,6090000008,17/10/2019 14:45,17/10/2019 14:46,No
285,3490000006,6090000008,16/10/2019 1:04,16/10/2019 1:05,No
286,3490000006,6090000008,8/10/2019 9:35,8/10/2019 9:37,No
287,6090000008,3490000006,22/10/2019 22:23,22/10/2019 22:24,No
288,6090000008,3490000006,16/10/2019 15:47,16/10/2019 15:49,No
290,6090000008,3490000006,18/10/2019 8:35,18/10/2019 8:37,No
291,6090000008,3490000006,6/10/2019 20:49,6/10/2019 20:51,No
293,3490000006,6090000008,19/10/2019 18:06,19/10/2019 18:08,No
295,6090000007,3490000006,7/10/2019 18:02,7/10/2019 18:03,No
296,6090000007,3490000006,2/10/2019 12:29,2/10/2019 12:31,No
297,6090000007,3490000006,10/10/2019 19:16,10/10/2019 19:17,No
299,6090000007,3490000006,13/10/2019 11:16,13/10/2019 11:17,No
300,3490000006,6090000007,29/10/2019 5:06,29/10/2019 5:07,No
301,6090000007,3490000006,19/10/2019 9:21,19/10/2019 9:23,No
302,6090000007,3490000006,8/10/2019 11:27,8/10/2019 11:28,No
303,6090000007,3490000006,1/10/2019 1:06,1/10/2019 1:08,No
304,6090000007,3490000006,12/10/2019 16:10,12/10/2019 16:12,No
305,6090000007,3490000006,28/10/2019 11:58,28/10/2019 12:00,No
306,3490000006,6090000007,26/10/2019 22:26,26/10/2019 22:27,No
308,3490000006,6090000007,17/10/2019 4:53,17/10/2019 4:54,No
309,6090000007,3490000006,2/10/2019 8:19,2/10/2019 8:20,No
310,3490000006,6090000007,2/10/2019 11:45,2/10/2019 11:46,No
311,3490000006,6090000007,24/10/2019 7:52,24/10/2019 7:53,No
313,3490000006,6090000007,18/10/2019 0:02,18/10/2019 0:02,No
314,6090000007,3490000006,30/10/2019 7:15,30/10/2019 7:17,No
317,6090000007,3490000006,17/10/2019 19:58,17/10/2019 20:00,No
318,6090000007,3490000006,19/10/2019 19:38,19/10/2019 19:40,No
319,6090000007,3490000006,27/10/2019 9:23,27/10/2019 9:25,No
320,6090000007,3490000006,7/10/2019 12:08,7/10/2019 12:10,No
321,3490000006,6090000007,30/10/2019 17:26,30/10/2019 17:27,No
322,3490000006,6090000007,13/10/2019 4:35,13/10/2019 4:36,No
323,6090000007,3490000006,6/10/2019 21:43,6/10/2019 21:44,No
324,3490000006,6090000007,6/10/2019 21:27,6/10/2019 21:28,No
325,3490000006,6090000007,13/10/2019 12:06,13/10/2019 12:07,No
327,6090000007,3490000006,22/10/2019 13:15,22/10/2019 13:16,No
328,3490000006,6090000007,6/10/2019 18:41,6/10/2019 18:42,No
329,3490000006,6090000007,12/10/2019 14:18,12/10/2019 14:20,No
330,3490000006,6090000007,22/10/2019 11:13,22/10/2019 11:14,No
333,6090000007,3490000006,3/10/2019 1:48,3/10/2019 1:50,No
334,3490000006,6090000007,27/10/2019 12:33,27/10/2019 12:34,No
335,6090000007,3490000006,15/10/2019 12:54,15/10/2019 12:55,No
336,6090000007,3490000006,29/10/2019 17:51,29/10/2019 17:53,No
337,6090000007,3490000006,12/10/2019 15:47,12/10/2019 15:49,No
338,6090000007,3490000006,7/10/2019 12:21,7/10/2019 12:22,No
339,3490000006,6090000007,11/10/2019 13:31,11/10/2019 13:33,No
340,3490000006,6090000007,14/10/2019 11:16,14/10/2019 11:17,No
341,6590000005,6590000010,8/10/2019 13:26,8/10/2019 13:28,No
343,6590000005,6590000010,17/10/2019 21:49,17/10/2019 21:51,No
344,6590000005,6590000010,30/10/2019 21:08,30/10/2019 21:09,No
348,6590000005,6590000010,26/10/2019 0:42,26/10/2019 0:44,No
349,6590000010,6590000005,28/10/2019 9:15,28/10/2019 9:16,No
350,6590000005,6590000010,6/10/2019 21:25,6/10/2019 21:27,No
352,6590000005,6590000010,23/10/2019 12:34,23/10/2019 12:36,No
353,6590000010,6590000005,24/10/2019 21:07,24/10/2019 21:09,No
354,6590000005,6590000010,22/10/2019 20:35,22/10/2019 20:37,No
355,6590000005,6590000010,1/10/2019 13:33,1/10/2019 13:35,No
356,6590000005,6590000010,22/10/2019 7:32,22/10/2019 7:33,No
358,6590000010,6590000005,11/10/2019 22:45,11/10/2019 22:47,No
359,6590000005,6590000010,29/10/2019 1:42,29/10/2019 1:43,No
360,6590000010,6590000005,7/10/2019 11:48,7/10/2019 11:50,No
362,6590000010,6590000005,19/10/2019 15:06,19/10/2019 15:07,No
363,6590000005,6090000009,19/10/2019 10:20,19/10/2019 10:22,No
364,6590000005,6090000009,8/10/2019 20:58,8/10/2019 20:59,No
365,6590000005,6090000009,9/10/2019 16:29,9/10/2019 16:30,No
366,6090000009,6590000005,2/10/2019 23:18,2/10/2019 23:19,No
367,6090000009,6590000005,28/10/2019 21:12,28/10/2019 21:14,No
368,6090000009,6590000005,29/10/2019 7:00,29/10/2019 7:02,No
369,6090000009,6590000005,28/10/2019 15:34,28/10/2019 15:36,No
371,6090000009,6590000005,3/10/2019 2:55,3/10/2019 2:56,No
372,6590000005,6090000009,29/10/2019 11:37,29/10/2019 11:38,No
373,6590000005,6090000009,30/10/2019 22:46,30/10/2019 22:48,No
374,6090000009,6590000005,8/10/2019 6:00,8/10/2019 6:01,No
375,6590000005,6090000009,9/10/2019 7:55,9/10/2019 7:57,No
377,6590000005,6090000009,29/10/2019 4:52,29/10/2019 4:53,No
380,6590000005,6090000009,16/10/2019 14:28,16/10/2019 14:29,No
381,6090000009,6590000005,24/10/2019 9:48,24/10/2019 9:49,No
382,6090000009,6590000005,17/10/2019 0:07,17/10/2019 0:08,No
383,6590000005,6090000009,14/10/2019 5:27,14/10/2019 5:28,No
384,6090000009,6590000005,7/10/2019 4:31,7/10/2019 4:33,No
386,6090000009,6590000005,13/10/2019 2:36,13/10/2019 2:36,No
387,6590000005,6090000009,15/10/2019 11:06,15/10/2019 11:08,No
388,6590000005,6090000009,28/10/2019 14:23,28/10/2019 14:24,No
389,6090000009,6590000005,25/10/2019 12:54,25/10/2019 12:56,No
391,6090000008,6590000005,20/10/2019 12:45,20/10/2019 12:46,No
392,6090000008,6590000005,26/10/2019 8:42,26/10/2019 8:44,No
393,6590000005,6090000008,30/10/2019 1:38,30/10/2019 1:39,No
396,6590000005,6090000008,30/10/2019 0:26,30/10/2019 0:27,No
397,6090000008,6590000005,11/10/2019 15:19,11/10/2019 15:22,No
398,6590000005,6090000008,12/10/2019 18:44,12/10/2019 18:45,No
399,6590000005,6090000008,16/10/2019 10:31,16/10/2019 10:32,No
400,6590000005,6090000008,13/10/2019 8:04,13/10/2019 8:05,No
401,6090000008,6590000005,1/10/2019 15:39,1/10/2019 15:41,No
403,6590000005,6090000008,18/10/2019 9:53,18/10/2019 9:54,No
405,6090000008,6590000005,2/10/2019 10:04,2/10/2019 10:06,No
407,6090000008,6590000005,26/10/2019 22:53,26/10/2019 22:55,No
410,6590000005,6090000008,1/10/2019 22:56,1/10/2019 22:58,No
412,6090000008,6590000005,15/10/2019 23:38,15/10/2019 23:39,No
413,6090000008,6590000005,9/10/2019 20:26,9/10/2019 20:27,No
414,6590000005,6090000008,8/10/2019 6:11,8/10/2019 6:13,No
415,6590000005,6090000008,17/10/2019 6:33,17/10/2019 6:35,No
417,6090000008,6590000005,8/10/2019 16:35,8/10/2019 16:36,No
418,6590000005,6090000008,27/10/2019 7:49,27/10/2019 7:51,No
419,6590000005,6090000008,23/10/2019 11:49,23/10/2019 11:50,No
420,6590000005,6090000008,28/10/2019 16:42,28/10/2019 16:44,No
423,6590000005,6090000008,24/10/2019 8:42,24/10/2019 8:43,No
424,6090000008,6590000005,18/10/2019 1:48,18/10/2019 1:49,No
425,6590000005,6090000008,3/10/2019 20:23,3/10/2019 20:24,No
426,6590000005,6090000008,5/10/2019 16:05,5/10/2019 16:07,No
427,6090000008,6590000005,20/10/2019 6:43,20/10/2019 6:44,No
433,6090000007,6590000005,5/10/2019 19:18,5/10/2019 19:19,No
434,6590000005,6090000007,5/10/2019 12:23,5/10/2019 12:24,No
435,6090000007,6590000005,25/10/2019 4:28,25/10/2019 4:29,No
436,6590000005,6090000007,26/10/2019 21:11,26/10/2019 21:13,No
437,6090000007,6590000005,25/10/2019 16:31,25/10/2019 16:32,No
438,6590000005,6090000007,5/10/2019 18:04,5/10/2019 18:05,No
440,6590000005,6090000007,9/10/2019 13:45,9/10/2019 13:47,No
443,6090000007,6590000005,26/10/2019 22:18,26/10/2019 22:20,No
444,6090000007,6590000005,7/10/2019 5:01,7/10/2019 5:02,No
445,6090000007,6590000005,17/10/2019 2:34,17/10/2019 2:36,No
448,6590000005,6090000007,5/10/2019 3:24,5/10/2019 3:25,No
449,6090000007,6590000005,28/10/2019 23:56,28/10/2019 23:57,No
450,6090000007,6590000005,15/10/2019 4:22,15/10/2019 4:22,No
451,6590000005,6090000007,29/10/2019 12:19,29/10/2019 12:21,No
452,6590000005,6090000007,25/10/2019 3:24,25/10/2019 3:26,No
454,6090000007,6590000005,11/10/2019 9:41,11/10/2019 9:42,No
455,6090000007,6590000005,15/10/2019 21:34,15/10/2019 21:36,No
456,6090000007,6590000005,17/10/2019 16:49,17/10/2019 16:51,No
457,6090000007,6590000005,1/10/2019 2:11,1/10/2019 2:12,No
458,6090000007,6590000005,29/10/2019 23:33,29/10/2019 23:34,No
459,6590000005,6090000007,27/10/2019 18:45,27/10/2019 18:47,No
460,6590000005,6090000007,11/10/2019 11:06,11/10/2019 11:09,No
462,6590000005,6090000007,30/10/2019 23:05,30/10/2019 23:06,No
464,6090000007,6590000005,22/10/2019 6:08,22/10/2019 6:09,No
465,6090000007,6590000005,14/10/2019 10:59,14/10/2019 11:00,No
466,6090000007,6590000005,29/10/2019 21:16,29/10/2019 21:17,No
468,6590000005,6090000007,17/10/2019 17:14,17/10/2019 17:15,No
469,6090000007,6590000005,17/10/2019 23:03,17/10/2019 23:05,No
470,3490000006,6590000005,18/10/2019 13:57,18/10/2019 13:59,No
471,3490000006,6590000005,20/10/2019 16:12,20/10/2019 16:14,No
472,6590000005,3490000006,8/10/2019 10:57,8/10/2019 10:59,No
473,3490000006,6590000005,4/10/2019 0:53,4/10/2019 0:55,No
474,3490000006,6590000005,19/10/2019 13:14,19/10/2019 13:15,No
475,6590000005,3490000006,14/10/2019 12:38,14/10/2019 12:39,No
476,6590000005,3490000006,2/10/2019 14:31,2/10/2019 14:32,No
478,3490000006,6590000005,20/10/2019 9:20,20/10/2019 9:21,No
479,3490000006,6590000005,3/10/2019 20:47,3/10/2019 20:49,No
480,6590000005,3490000006,6/10/2019 11:04,6/10/2019 11:06,No
481,3490000006,6590000005,6/10/2019 10:06,6/10/2019 10:07,No
482,6590000005,3490000006,8/10/2019 1:56,8/10/2019 1:58,No
483,3490000006,6590000005,20/10/2019 8:59,20/10/2019 9:00,No
484,6590000005,3490000006,22/10/2019 3:30,22/10/2019 3:32,No
485,3490000006,6590000005,4/10/2019 6:17,4/10/2019 6:19,No
486,3490000006,6590000005,10/10/2019 2:47,10/10/2019 2:49,No
487,6590000005,3490000006,19/10/2019 17:46,19/10/2019 17:48,No
488,6590000004,6590000010,26/10/2019 12:36,26/10/2019 12:37,No
489,6590000004,6590000010,15/10/2019 3:05,15/10/2019 3:07,No
490,6590000010,6590000004,4/10/2019 15:49,4/10/2019 15:51,No
491,6590000004,6590000010,29/10/2019 4:02,29/10/2019 4:03,No
492,6590000010,6590000004,2/10/2019 7:44,2/10/2019 7:45,No
493,6590000004,6590000010,14/10/2019 17:23,14/10/2019 17:25,No
494,6590000004,6590000010,30/10/2019 10:16,30/10/2019 10:18,No
495,6590000004,6590000010,14/10/2019 12:45,14/10/2019 12:46,No
497,6590000004,6590000010,7/10/2019 18:17,7/10/2019 18:18,No
498,6590000010,6590000004,17/10/2019 4:48,17/10/2019 4:49,No
499,6590000010,6590000004,14/10/2019 19:13,14/10/2019 19:14,No
500,6590000004,6590000010,16/10/2019 6:46,16/10/2019 6:48,No
501,6590000004,6590000010,2/10/2019 4:43,2/10/2019 4:44,No
502,6590000004,6590000010,24/10/2019 13:02,24/10/2019 13:03,No
503,6590000010,6590000004,12/10/2019 17:49,12/10/2019 17:51,No
504,6590000004,6590000010,2/10/2019 13:01,2/10/2019 13:02,No
506,6590000010,6590000004,14/10/2019 17:38,14/10/2019 17:40,No
507,6590000010,6590000004,10/10/2019 16:45,10/10/2019 16:47,No
508,6590000004,6590000010,2/10/2019 3:03,2/10/2019 3:05,No
509,6590000004,6590000010,30/10/2019 13:08,30/10/2019 13:10,No
510,6590000010,6590000004,19/10/2019 2:43,19/10/2019 2:44,No
511,6590000004,6590000010,13/10/2019 15:14,13/10/2019 15:16,No
512,6590000010,6590000004,3/10/2019 2:31,3/10/2019 2:32,No
513,6590000010,6590000004,26/10/2019 1:08,26/10/2019 1:09,No
514,6590000010,6590000004,16/10/2019 16:16,16/10/2019 16:17,No
517,6590000004,6590000010,20/10/2019 15:57,20/10/2019 15:59,No
518,6590000010,6590000004,30/10/2019 15:46,30/10/2019 15:47,No
519,6590000010,6590000004,6/10/2019 1:21,6/10/2019 1:23,No
520,6590000010,6590000004,18/10/2019 21:19,18/10/2019 21:21,No
521,6590000010,6590000004,22/10/2019 18:34,22/10/2019 18:35,No
523,6590000004,6590000010,19/10/2019 1:20,19/10/2019 1:22,No
524,6590000004,6590000010,12/10/2019 11:22,12/10/2019 11:23,No
526,6590000004,6590000010,6/10/2019 18:53,6/10/2019 18:55,No
527,6090000009,6590000004,7/10/2019 17:19,7/10/2019 17:20,No
528,6090000009,6590000004,19/10/2019 7:48,19/10/2019 7:49,No
530,6090000009,6590000004,21/10/2019 18:42,21/10/2019 18:43,No
533,6590000004,6090000009,27/10/2019 10:20,27/10/2019 10:21,No
534,6090000009,6590000004,12/10/2019 19:11,12/10/2019 19:12,No
535,6590000004,6090000009,14/10/2019 16:48,14/10/2019 16:49,No
536,6090000009,6590000004,22/10/2019 4:16,22/10/2019 4:18,No
537,6090000009,6590000004,5/10/2019 12:57,5/10/2019 12:58,No
538,6090000009,6590000004,2/10/2019 8:02,2/10/2019 8:03,No
539,6090000009,6590000004,23/10/2019 8:42,23/10/2019 8:44,No
540,6590000004,6090000009,29/10/2019 1:55,29/10/2019 1:57,No
542,6090000009,6590000004,30/10/2019 6:17,30/10/2019 6:19,No
543,6590000004,6090000009,9/10/2019 8:08,9/10/2019 8:09,No
544,6590000004,6090000008,4/10/2019 2:44,4/10/2019 2:45,No
545,6590000004,6090000008,24/10/2019 22:58,24/10/2019 22:59,No
547,6590000004,6090000008,6/10/2019 18:41,6/10/2019 18:42,No
549,6090000008,6590000004,2/10/2019 11:36,2/10/2019 11:38,No
550,6090000008,6590000004,18/10/2019 15:22,18/10/2019 15:23,No
551,6590000004,6090000008,19/10/2019 20:51,19/10/2019 20:52,No
553,6090000008,6590000004,26/10/2019 0:52,26/10/2019 0:54,No
554,6590000004,6090000008,7/10/2019 6:13,7/10/2019 6:13,No
555,6090000008,6590000004,19/10/2019 22:02,19/10/2019 22:04,No
556,6590000004,6090000008,30/10/2019 21:23,30/10/2019 21:25,No
557,6590000004,6090000008,13/10/2019 19:34,13/10/2019 19:36,No
558,6590000004,6090000008,28/10/2019 14:35,28/10/2019 14:36,No
559,6090000008,6590000004,25/10/2019 10:36,25/10/2019 10:38,No
561,6090000008,6590000004,25/10/2019 13:59,25/10/2019 14:00,No
563,6090000008,6590000004,12/10/2019 0:15,12/10/2019 0:16,No
565,6090000008,6590000004,21/10/2019 9:34,21/10/2019 9:36,No
566,6590000004,6090000008,25/10/2019 20:08,25/10/2019 20:10,No
568,6590000004,6090000008,4/10/2019 4:23,4/10/2019 4:24,No
570,6090000008,6590000004,13/10/2019 18:28,13/10/2019 18:30,No
571,6590000004,6090000008,15/10/2019 9:15,15/10/2019 9:17,No
572,6090000008,6590000004,22/10/2019 19:53,22/10/2019 19:55,No
573,6090000008,6590000004,10/10/2019 23:13,10/10/2019 23:15,No
576,6590000004,6090000008,11/10/2019 1:00,11/10/2019 1:01,No
577,6090000008,6590000004,22/10/2019 23:47,22/10/2019 23:49,No
578,6090000008,6590000004,9/10/2019 2:37,9/10/2019 2:38,No
579,6090000008,6590000004,2/10/2019 16:26,2/10/2019 16:27,No
580,6590000004,6090000007,10/10/2019 3:10,10/10/2019 3:11,No
581,6090000007,6590000004,3/10/2019 10:05,3/10/2019 10:07,No
582,6090000007,6590000004,5/10/2019 0:14,5/10/2019 0:15,No
584,6090000007,6590000004,25/10/2019 1:58,25/10/2019 1:59,No
585,6090000007,6590000004,23/10/2019 7:52,23/10/2019 7:54,No
587,6090000007,6590000004,25/10/2019 4:50,25/10/2019 4:52,No
588,6590000004,6090000007,3/10/2019 1:59,3/10/2019 2:00,No
589,6090000007,6590000004,16/10/2019 12:13,16/10/2019 12:15,No
591,6590000004,6090000007,9/10/2019 10:31,9/10/2019 10:33,No
592,6090000007,6590000004,16/10/2019 3:01,16/10/2019 3:03,No
593,6590000004,6090000007,28/10/2019 3:40,28/10/2019 3:42,No
594,6590000004,6090000007,1/10/2019 16:47,1/10/2019 16:49,No
596,6590000004,6090000007,7/10/2019 19:31,7/10/2019 19:33,No
597,6090000007,6590000004,25/10/2019 21:28,25/10/2019 21:29,No
599,6090000007,6590000004,14/10/2019 4:25,14/10/2019 4:26,No
600,6090000007,6590000004,14/10/2019 17:48,14/10/2019 17:49,No
601,6590000004,6090000007,11/10/2019 8:14,11/10/2019 8:16,No
602,6090000007,6590000004,30/10/2019 21:19,30/10/2019 21:21,No
603,6090000007,6590000004,12/10/2019 0:15,12/10/2019 0:17,No
604,6090000007,6590000004,14/10/2019 0:16,14/10/2019 0:18,No
606,6090000007,6590000004,27/10/2019 15:51,27/10/2019 15:52,No
607,6590000004,6090000007,7/10/2019 20:41,7/10/2019 20:43,No
608,6090000007,6590000004,18/10/2019 23:13,18/10/2019 23:15,No
609,6590000004,6090000007,1/10/2019 23:53,1/10/2019 23:54,No
610,6090000007,6590000004,14/10/2019 16:29,14/10/2019 16:30,No
611,6590000004,6090000007,19/10/2019 13:37,19/10/2019 13:39,No
612,6090000007,6590000004,11/10/2019 2:38,11/10/2019 2:39,No
613,6090000007,6590000004,23/10/2019 21:21,23/10/2019 21:23,No
614,6090000007,6590000004,8/10/2019 20:36,8/10/2019 20:37,No
615,6090000007,6590000004,13/10/2019 15:23,13/10/2019 15:25,No
616,6090000007,6590000004,2/10/2019 7:47,2/10/2019 7:49,No
618,6590000004,6090000007,7/10/2019 7:48,7/10/2019 7:50,No
619,6090000007,6590000004,23/10/2019 15:56,23/10/2019 15:58,No
620,6590000004,6090000007,21/10/2019 6:52,21/10/2019 6:53,No
621,6590000004,6090000007,8/10/2019 11:52,8/10/2019 11:54,No
622,6090000007,6590000004,19/10/2019 16:43,19/10/2019 16:45,No
623,6590000004,6090000007,6/10/2019 9:31,6/10/2019 9:33,No
624,6590000004,6090000007,4/10/2019 15:15,4/10/2019 15:16,No
625,6590000004,6090000007,3/10/2019 2:18,3/10/2019 2:19,No
627,6590000004,3490000006,10/10/2019 22:47,10/10/2019 22:49,No
628,6590000004,3490000006,15/10/2019 7:34,15/10/2019 7:36,No
630,6590000004,3490000006,24/10/2019 13:58,24/10/2019 13:59,No
631,6590000004,3490000006,25/10/2019 18:06,25/10/2019 18:07,No
632,6590000004,3490000006,18/10/2019 10:19,18/10/2019 10:20,No
633,3490000006,6590000004,15/10/2019 15:20,15/10/2019 15:22,No
634,6590000004,3490000006,21/10/2019 5:58,21/10/2019 6:00,No
636,3490000006,6590000004,24/10/2019 7:39,24/10/2019 7:40,No
637,3490000006,6590000004,4/10/2019 16:16,4/10/2019 16:18,No
638,3490000006,6590000004,29/10/2019 3:09,29/10/2019 3:11,No
640,3490000006,6590000004,28/10/2019 4:14,28/10/2019 4:15,No
641,6590000004,3490000006,1/10/2019 14:23,1/10/2019 14:25,No
643,3490000006,6590000004,30/10/2019 18:24,30/10/2019 18:26,No
645,6590000004,3490000006,10/10/2019 21:14,10/10/2019 21:15,No
646,3490000006,6590000004,28/10/2019 20:24,28/10/2019 20:26,No
647,3490000006,6590000004,25/10/2019 22:36,25/10/2019 22:37,No
648,3490000006,6590000004,12/10/2019 12:45,12/10/2019 12:46,No
649,3490000006,6590000004,28/10/2019 19:33,28/10/2019 19:35,No
651,6590000004,3490000006,21/10/2019 22:38,21/10/2019 22:40,No
653,3490000006,6590000004,18/10/2019 2:10,18/10/2019 2:12,No
654,3490000006,6590000004,7/10/2019 17:37,7/10/2019 17:39,No
655,6590000005,6590000004,16/10/2019 8:50,16/10/2019 8:51,No
656,6590000005,6590000004,16/10/2019 7:55,16/10/2019 7:56,No
657,6590000005,6590000004,17/10/2019 20:54,17/10/2019 20:55,No
658,6590000004,6590000005,21/10/2019 23:52,21/10/2019 23:54,No
659,6590000004,6590000005,13/10/2019 15:24,13/10/2019 15:26,No
661,6590000005,6590000004,24/10/2019 10:51,24/10/2019 10:53,No
662,6590000005,6590000004,22/10/2019 20:26,22/10/2019 20:27,No
663,6590000004,6590000005,30/10/2019 22:03,30/10/2019 22:06,No
666,6590000004,6590000005,19/10/2019 0:46,19/10/2019 0:47,No
667,6590000004,6590000005,2/10/2019 1:13,2/10/2019 1:14,No
669,6590000005,6590000004,20/10/2019 1:55,20/10/2019 1:57,No
670,6590000004,6590000005,7/10/2019 8:21,7/10/2019 8:22,No
672,6590000004,6590000005,23/10/2019 23:55,23/10/2019 23:57,No
673,6590000004,6590000005,18/10/2019 8:32,18/10/2019 8:33,No
676,6590000005,6590000004,8/10/2019 19:06,8/10/2019 19:08,No
677,6590000005,6590000004,24/10/2019 10:27,24/10/2019 10:28,No
678,6590000004,6590000005,2/10/2019 17:13,2/10/2019 17:14,No
679,6590000004,6590000005,1/10/2019 9:32,1/10/2019 9:33,No
680,6590000004,6590000005,13/10/2019 6:46,13/10/2019 6:48,No
681,6590000005,6590000004,26/10/2019 1:38,26/10/2019 1:39,No
682,6590000005,6590000004,26/10/2019 12:26,26/10/2019 12:28,No
683,6590000005,6590000004,17/10/2019 14:46,17/10/2019 14:47,No
684,6590000005,6590000004,3/10/2019 11:56,3/10/2019 11:58,No
685,6590000005,6590000004,14/10/2019 3:52,14/10/2019 3:54,No
687,6590000004,6590000005,3/10/2019 9:24,3/10/2019 9:24,No
690,6590000005,6590000004,24/10/2019 18:26,24/10/2019 18:27,No
691,6590000004,6590000005,9/10/2019 12:09,9/10/2019 12:10,No
694,6590000005,6590000004,20/10/2019 17:26,20/10/2019 17:27,No
695,6590000005,6590000004,9/10/2019 0:51,9/10/2019 0:53,No
697,6590000005,6590000004,7/10/2019 22:44,7/10/2019 22:46,No
698,6590000004,6590000005,10/10/2019 5:58,10/10/2019 5:59,No
700,6590000004,6590000005,7/10/2019 13:39,7/10/2019 13:40,No
701,6590000005,6590000004,1/10/2019 21:51,1/10/2019 21:52,No
702,6590000005,6590000004,8/10/2019 6:44,8/10/2019 6:45,No
703,6590000004,6590000005,6/10/2019 16:04,6/10/2019 16:06,No
704,6590000005,6590000004,19/10/2019 3:33,19/10/2019 3:35,No
705,6590000005,6590000004,10/10/2019 11:41,10/10/2019 11:42,No
706,6590000010,6590000003,28/10/2019 19:32,28/10/2019 19:33,No
708,6590000003,6590000010,21/10/2019 21:47,21/10/2019 21:49,No
709,6590000010,6590000003,11/10/2019 9:15,11/10/2019 9:17,No
711,6590000010,6590000003,21/10/2019 18:50,21/10/2019 18:51,No
716,6590000010,6590000003,18/10/2019 3:07,18/10/2019 3:09,No
718,6590000003,6590000010,2/10/2019 19:03,2/10/2019 19:05,No
719,6590000003,6590000010,27/10/2019 20:56,27/10/2019 20:57,No
720,6590000010,6590000003,29/10/2019 8:24,29/10/2019 8:26,No
721,6590000003,6590000010,8/10/2019 0:56,8/10/2019 0:57,No
722,6590000003,6090000009,26/10/2019 22:26,26/10/2019 22:27,No
723,6590000003,6090000009,28/10/2019 3:49,28/10/2019 3:50,No
724,6090000009,6590000003,2/10/2019 21:53,2/10/2019 21:54,No
727,6090000009,6590000003,26/10/2019 9:21,26/10/2019 9:22,No
728,6590000003,6090000009,24/10/2019 15:23,24/10/2019 15:25,No
729,6090000009,6590000003,20/10/2019 10:42,20/10/2019 10:44,No
730,6090000008,6590000003,23/10/2019 11:39,23/10/2019 11:41,No
732,6090000008,6590000003,22/10/2019 0:12,22/10/2019 0:13,No
734,6590000003,6090000008,7/10/2019 16:44,7/10/2019 16:47,No
737,6590000003,6090000008,22/10/2019 14:42,22/10/2019 14:44,No
738,6090000007,6590000003,21/10/2019 10:31,21/10/2019 10:32,No
739,6590000003,6090000007,7/10/2019 6:41,7/10/2019 6:42,No
740,6590000003,6090000007,13/10/2019 19:15,13/10/2019 19:17,No
741,6090000007,6590000003,14/10/2019 7:15,14/10/2019 7:16,No
742,6590000003,6090000007,7/10/2019 17:43,7/10/2019 17:44,No
743,3490000006,6590000003,10/10/2019 17:06,10/10/2019 17:07,No
744,3490000006,6590000003,5/10/2019 3:55,5/10/2019 3:57,No
745,3490000006,6590000003,11/10/2019 2:58,11/10/2019 2:59,No
747,3490000006,6590000003,16/10/2019 23:58,17/10/2019 0:00,No
748,3490000006,6590000003,11/10/2019 17:33,11/10/2019 17:34,No
750,3490000006,6590000003,15/10/2019 10:34,15/10/2019 10:35,No
753,6590000003,6590000005,7/10/2019 6:18,7/10/2019 6:19,No
754,6590000005,6590000003,22/10/2019 19:32,22/10/2019 19:34,No
755,6590000005,6590000003,1/10/2019 19:19,1/10/2019 19:20,No
756,6590000003,6590000005,20/10/2019 14:13,20/10/2019 14:15,No
757,6590000005,6590000003,14/10/2019 2:17,14/10/2019 2:18,No
758,6590000005,6590000003,11/10/2019 21:11,11/10/2019 21:12,No
759,6590000003,6590000005,2/10/2019 3:18,2/10/2019 3:19,No
760,6590000003,6590000005,4/10/2019 2:49,4/10/2019 2:50,No
761,6590000005,6590000003,17/10/2019 0:29,17/10/2019 0:31,No
762,6590000005,6590000003,4/10/2019 21:17,4/10/2019 21:18,No
763,6590000003,6590000005,18/10/2019 4:05,18/10/2019 4:06,No
764,6590000005,6590000003,21/10/2019 15:02,21/10/2019 15:03,No
765,6590000005,6590000003,22/10/2019 20:10,22/10/2019 20:12,No
766,6590000005,6590000003,26/10/2019 0:59,26/10/2019 1:00,No
767,6590000005,6590000003,6/10/2019 0:51,6/10/2019 0:53,No
771,6590000005,6590000003,11/10/2019 14:38,11/10/2019 14:39,No
772,6590000005,6590000003,15/10/2019 18:04,15/10/2019 18:05,No
774,6590000005,6590000003,30/10/2019 2:10,30/10/2019 2:11,No
775,6590000003,6590000005,22/10/2019 3:08,22/10/2019 3:09,No
776,6590000003,6590000005,3/10/2019 11:57,3/10/2019 11:59,No
779,6590000005,6590000003,15/10/2019 21:11,15/10/2019 21:12,No
781,6590000005,6590000003,13/10/2019 9:57,13/10/2019 9:59,No
782,6590000005,6590000003,17/10/2019 1:05,17/10/2019 1:06,No
784,6590000005,6590000003,17/10/2019 0:29,17/10/2019 0:30,No
785,6590000003,6590000005,2/10/2019 19:13,2/10/2019 19:14,No
786,6590000005,6590000003,9/10/2019 0:15,9/10/2019 0:17,No
787,6590000005,6590000003,24/10/2019 7:41,24/10/2019 7:42,No
788,6590000005,6590000003,3/10/2019 7:35,3/10/2019 7:37,No
790,6590000005,6590000003,16/10/2019 5:14,16/10/2019 5:16,No
791,6590000005,6590000003,11/10/2019 9:25,11/10/2019 9:27,No
792,6590000005,6590000003,13/10/2019 9:20,13/10/2019 9:21,No
793,6590000003,6590000005,11/10/2019 17:19,11/10/2019 17:20,No
794,6590000003,6590000005,24/10/2019 4:09,24/10/2019 4:10,No
795,6590000005,6590000003,4/10/2019 15:37,4/10/2019 15:39,No
796,6590000003,6590000004,29/10/2019 19:47,29/10/2019 19:49,No
797,6590000004,6590000003,18/10/2019 18:53,18/10/2019 18:55,No
798,6590000003,6590000004,9/10/2019 4:22,9/10/2019 4:23,No
799,6590000004,6590000003,13/10/2019 7:57,13/10/2019 7:58,No
800,6590000003,6590000004,24/10/2019 1:27,24/10/2019 1:28,No
801,6590000004,6590000003,7/10/2019 21:05,7/10/2019 21:07,No
802,6590000003,6590000004,3/10/2019 22:36,3/10/2019 22:38,No
803,6590000003,6590000004,21/10/2019 14:48,21/10/2019 14:49,No
804,6590000003,6590000004,6/10/2019 17:44,6/10/2019 17:45,No
805,6590000003,6590000004,1/10/2019 14:39,1/10/2019 14:41,No
806,6590000004,6590000003,24/10/2019 17:20,24/10/2019 17:21,No
807,6590000004,6590000003,27/10/2019 1:07,27/10/2019 1:08,No
809,6590000003,6590000004,23/10/2019 20:57,23/10/2019 20:59,No
810,6590000004,6590000003,3/10/2019 6:30,3/10/2019 6:31,No
811,6590000003,6590000004,3/10/2019 9:52,3/10/2019 9:54,No
813,6590000003,6590000004,8/10/2019 16:37,8/10/2019 16:39,No
814,6590000003,6590000004,11/10/2019 0:02,11/10/2019 0:04,No
815,6590000003,6590000004,14/10/2019 19:50,14/10/2019 19:52,No
816,6590000003,6590000004,18/10/2019 16:16,18/10/2019 16:18,No
818,6090000002,6590000010,9/10/2019 16:32,9/10/2019 16:33,No
819,6590000010,6090000002,1/10/2019 3:09,1/10/2019 3:11,No
820,6090000002,6590000010,30/10/2019 16:43,30/10/2019 16:44,No
821,6090000002,6590000010,4/10/2019 8:12,4/10/2019 8:14,No
822,6090000002,6590000010,30/10/2019 12:33,30/10/2019 12:35,No
823,6590000010,6090000002,19/10/2019 3:03,19/10/2019 3:05,No
824,6090000002,6590000010,23/10/2019 16:19,23/10/2019 16:20,No
825,6590000010,6090000002,28/10/2019 3:39,28/10/2019 3:41,No
826,6090000002,6590000010,19/10/2019 8:44,19/10/2019 8:45,No
828,6590000010,6090000002,2/10/2019 10:23,2/10/2019 10:24,No
830,6090000002,6590000010,1/10/2019 5:42,1/10/2019 5:44,No
831,6090000002,6590000010,7/10/2019 9:12,7/10/2019 9:14,No
833,6590000010,6090000002,7/10/2019 6:00,7/10/2019 6:01,No
835,6090000002,6590000010,26/10/2019 17:21,26/10/2019 17:23,No
836,6590000010,6090000002,27/10/2019 7:06,27/10/2019 7:08,No
837,6590000010,6090000002,6/10/2019 0:29,6/10/2019 0:31,No
838,6090000002,6590000010,4/10/2019 18:03,4/10/2019 18:04,No
839,6090000002,6590000010,7/10/2019 4:10,7/10/2019 4:11,No
840,6590000010,6090000002,12/10/2019 1:58,12/10/2019 1:59,No
841,6090000002,6590000010,10/10/2019 9:59,10/10/2019 10:01,No
842,6090000009,6090000002,28/10/2019 18:16,28/10/2019 18:18,No
843,6090000002,6090000009,15/10/2019 3:46,15/10/2019 3:47,No
845,6090000002,6090000009,26/10/2019 3:47,26/10/2019 3:49,No
848,6090000002,6090000009,14/10/2019 22:32,14/10/2019 22:34,No
849,6090000009,6090000002,23/10/2019 10:42,23/10/2019 10:44,No
850,6090000009,6090000002,24/10/2019 3:01,24/10/2019 3:02,No
851,6090000002,6090000009,15/10/2019 11:28,15/10/2019 11:29,No
852,6090000009,6090000002,1/10/2019 9:27,1/10/2019 9:29,No
853,6090000009,6090000002,1/10/2019 19:24,1/10/2019 19:25,No
854,6090000009,6090000002,12/10/2019 11:58,12/10/2019 11:59,No
856,6090000002,6090000009,15/10/2019 22:45,15/10/2019 22:47,No
857,6090000009,6090000002,27/10/2019 10:16,27/10/2019 10:17,No
858,6090000009,6090000002,29/10/2019 21:57,29/10/2019 21:58,No
859,6090000002,6090000009,20/10/2019 21:31,20/10/2019 21:33,No
860,6090000002,6090000009,2/10/2019 4:25,2/10/2019 4:27,No
861,6090000002,6090000009,1/10/2019 4:19,1/10/2019 4:20,No
862,6090000009,6090000002,16/10/2019 7:54,16/10/2019 7:54,No
864,6090000002,6090000009,7/10/2019 19:11,7/10/2019 19:13,No
865,6090000009,6090000002,6/10/2019 10:11,6/10/2019 10:11,No
867,6090000002,6090000009,18/10/2019 2:42,18/10/2019 2:43,No
870,6090000009,6090000002,22/10/2019 20:55,22/10/2019 20:57,No
871,6090000009,6090000002,14/10/2019 0:43,14/10/2019 0:44,No
875,6090000002,6090000009,22/10/2019 4:17,22/10/2019 4:18,No
876,6090000008,6090000002,30/10/2019 13:28,30/10/2019 13:30,No
877,6090000002,6090000008,12/10/2019 16:33,12/10/2019 16:34,No
878,6090000002,6090000008,26/10/2019 10:22,26/10/2019 10:23,No
879,6090000002,6090000008,12/10/2019 16:14,12/10/2019 16:15,No
880,6090000002,6090000008,12/10/2019 23:53,12/10/2019 23:54,No
881,6090000002,6090000008,19/10/2019 3:24,19/10/2019 3:25,No
883,6090000002,6090000008,29/10/2019 0:06,29/10/2019 0:07,No
884,6090000008,6090000002,27/10/2019 0:10,27/10/2019 0:12,No
885,6090000008,6090000002,21/10/2019 9:52,21/10/2019 9:53,No
886,6090000008,6090000002,18/10/2019 13:24,18/10/2019 13:25,No
887,6090000002,6090000008,11/10/2019 16:47,11/10/2019 16:49,No
888,6090000008,6090000002,5/10/2019 20:41,5/10/2019 20:42,No
889,6090000002,6090000008,12/10/2019 17:49,12/10/2019 17:50,No
892,6090000002,6090000008,12/10/2019 9:45,12/10/2019 9:46,No
895,6090000002,6090000008,9/10/2019 2:05,9/10/2019 2:06,No
896,6090000002,6090000008,26/10/2019 4:34,26/10/2019 4:35,No
897,6090000008,6090000002,20/10/2019 3:28,20/10/2019 3:30,No
898,6090000008,6090000002,16/10/2019 12:49,16/10/2019 12:50,No
899,6090000008,6090000002,10/10/2019 4:29,10/10/2019 4:31,No
900,6090000008,6090000002,10/10/2019 22:40,10/10/2019 22:41,No
901,6090000008,6090000002,22/10/2019 18:34,22/10/2019 18:35,No
902,6090000002,6090000008,16/10/2019 22:58,16/10/2019 23:00,No
903,6090000002,6090000008,26/10/2019 20:45,26/10/2019 20:46,No
905,6090000008,6090000002,30/10/2019 15:18,30/10/2019 15:20,No
906,6090000002,6090000008,18/10/2019 15:17,18/10/2019 15:18,No
907,6090000008,6090000002,5/10/2019 12:05,5/10/2019 12:07,No
909,6090000008,6090000002,13/10/2019 7:47,13/10/2019 7:49,No
910,6090000008,6090000002,5/10/2019 10:34,5/10/2019 10:35,No
911,6090000008,6090000002,10/10/2019 2:39,10/10/2019 2:40,No
912,6090000002,6090000008,12/10/2019 19:45,12/10/2019 19:47,No
913,6090000002,6090000008,16/10/2019 8:36,16/10/2019 8:37,No
914,6090000008,6090000002,5/10/2019 8:59,5/10/2019 9:01,No
915,6090000008,6090000002,15/10/2019 17:32,15/10/2019 17:34,No
916,6090000008,6090000002,15/10/2019 22:19,15/10/2019 22:21,No
917,6090000008,6090000002,1/10/2019 3:05,1/10/2019 3:07,No
918,6090000002,6090000008,27/10/2019 8:55,27/10/2019 8:56,No
919,6090000008,6090000002,9/10/2019 10:38,9/10/2019 10:40,No
921,6090000008,6090000002,5/10/2019 9:08,5/10/2019 9:10,No
922,6090000008,6090000002,12/10/2019 23:17,12/10/2019 23:19,No
923,6090000008,6090000002,22/10/2019 13:49,22/10/2019 13:50,No
924,6090000002,6090000008,20/10/2019 19:36,20/10/2019 19:37,No
925,6090000002,6090000008,27/10/2019 18:03,27/10/2019 18:05,No
926,6090000002,6090000008,30/10/2019 18:30,30/10/2019 18:31,No
928,6090000008,6090000002,1/10/2019 5:43,1/10/2019 5:45,No
929,6090000008,6090000002,2/10/2019 3:03,2/10/2019 3:04,No
930,6090000002,6090000007,18/10/2019 7:27,18/10/2019 7:29,No
931,6090000002,6090000007,8/10/2019 9:16,8/10/2019 9:17,No
932,6090000007,6090000002,28/10/2019 19:25,28/10/2019 19:26,No
933,6090000007,6090000002,29/10/2019 7:50,29/10/2019 7:51,No
934,6090000007,6090000002,8/10/2019 13:47,8/10/2019 13:49,No
935,6090000002,6090000007,6/10/2019 1:12,6/10/2019 1:14,No
936,6090000007,6090000002,8/10/2019 21:33,8/10/2019 21:34,No
937,6090000002,6090000007,20/10/2019 21:42,20/10/2019 21:44,No
938,6090000007,6090000002,14/10/2019 21:14,14/10/2019 21:15,No
939,6090000002,6090000007,11/10/2019 0:49,11/10/2019 0:50,No
940,6090000007,6090000002,4/10/2019 16:51,4/10/2019 16:52,No
943,6090000002,6090000007,25/10/2019 13:49,25/10/2019 13:50,No
944,6090000002,6090000007,30/10/2019 3:25,30/10/2019 3:27,No
946,6090000007,6090000002,24/10/2019 22:15,24/10/2019 22:16,No
948,6090000007,6090000002,12/10/2019 6:40,12/10/2019 6:42,No
949,6090000002,6090000007,7/10/2019 12:19,7/10/2019 12:20,No
950,6090000002,6090000007,24/10/2019 18:21,24/10/2019 18:23,No
951,6090000002,6090000007,2/10/2019 20:19,2/10/2019 20:20,No
955,6090000007,6090000002,1/10/2019 7:37,1/10/2019 7:38,No
956,6090000002,6090000007,14/10/2019 12:38,14/10/2019 12:40,No
957,6090000002,6090000007,21/10/2019 21:30,21/10/2019 21:32,No
958,6090000007,6090000002,20/10/2019 16:13,20/10/2019 16:14,No
959,6090000002,6090000007,30/10/2019 1:07,30/10/2019 1:08,No
960,6090000007,6090000002,20/10/2019 17:45,20/10/2019 17:46,No
962,6090000002,6090000007,15/10/2019 9:35,15/10/2019 9:36,No
966,3490000006,6090000002,19/10/2019 1:00,19/10/2019 1:02,No
969,6090000002,3490000006,4/10/2019 16:00,4/10/2019 16:02,No
971,6090000002,3490000006,23/10/2019 13:23,23/10/2019 13:24,No
972,6090000002,3490000006,11/10/2019 2:24,11/10/2019 2:25,No
973,6090000002,3490000006,15/10/2019 16:35,15/10/2019 16:37,No
974,3490000006,6090000002,21/10/2019 8:01,21/10/2019 8:03,No
975,3490000006,6090000002,2/10/2019 7:41,2/10/2019 7:42,No
977,6590000005,6090000002,8/10/2019 2:30,8/10/2019 2:31,No
978,6590000005,6090000002,16/10/2019 10:46,16/10/2019 10:48,No
980,6090000002,6590000005,15/10/2019 3:47,15/10/2019 3:48,No
981,6590000005,6090000002,1/10/2019 1:28,1/10/2019 1:29,No
982,6090000002,6590000005,2/10/2019 9:22,2/10/2019 9:23,No
983,6590000005,6090000002,7/10/2019 6:08,7/10/2019 6:10,No
985,6090000002,6590000005,14/10/2019 21:58,14/10/2019 22:00,No
986,6590000005,6090000002,29/10/2019 1:56,29/10/2019 1:58,No
987,6590000005,6090000002,4/10/2019 2:51,4/10/2019 2:52,No
988,6090000002,6590000005,11/10/2019 5:23,11/10/2019 5:24,No
989,6090000002,6590000005,19/10/2019 14:48,19/10/2019 14:50,No
991,6090000002,6590000005,17/10/2019 16:45,17/10/2019 16:47,No
993,6090000002,6590000005,18/10/2019 12:31,18/10/2019 12:33,No
994,6090000002,6590000004,9/10/2019 14:54,9/10/2019 14:56,No
995,6090000002,6590000003,10/10/2019 11:25,10/10/2019 11:27,No
997,6590000003,6090000002,12/10/2019 15:50,12/10/2019 15:52,No
998,6090000002,6590000003,13/10/2019 1:33,13/10/2019 1:34,No
999,6590000003,6090000002,24/10/2019 1:25,24/10/2019 1:26,No
1000,6590000003,6090000002,12/10/2019 23:28,12/10/2019 23:30,No
1001,6590000003,6090000002,29/10/2019 15:48,29/10/2019 15:49,No
1002,6090000002,6590000003,11/10/2019 3:56,11/10/2019 3:58,No
1003,6590000003,6090000002,27/10/2019 23:35,27/10/2019 23:37,No
1004,6090000002,6590000003,26/10/2019 7:45,26/10/2019 7:46,No
1005,6090000002,6590000003,14/10/2019 1:16,14/10/2019 1:17,No
1007,6590000003,6090000002,14/10/2019 3:33,14/10/2019 3:34,No
1009,6590000003,6090000002,13/10/2019 5:33,13/10/2019 5:34,No
1010,6590000003,6090000002,22/10/2019 0:17,22/10/2019 0:18,No
1011,6590000003,6090000002,6/10/2019 8:27,6/10/2019 8:28,No
1012,6590000003,6090000002,9/10/2019 20:12,9/10/2019 20:13,No
1013,6090000002,6590000003,17/10/2019 2:54,17/10/2019 2:55,No
1014,6590000003,6090000002,25/10/2019 21:34,25/10/2019 21:35,No
1015,6590000003,6090000002,10/10/2019 5:45,10/10/2019 5:47,No
1016,6590000003,6090000002,5/10/2019 8:19,5/10/2019 8:20,No
1017,6090000002,6590000003,12/10/2019 2:03,12/10/2019 2:04,No
1018,6590000003,6090000002,30/10/2019 8:23,30/10/2019 8:24,No
1019,6590000003,6090000002,12/10/2019 10:59,12/10/2019 11:01,No
1020,6090000002,6590000003,6/10/2019 12:53,6/10/2019 12:55,No
1023,6090000002,6590000003,26/10/2019 18:48,26/10/2019 18:49,No
1024,6090000002,6590000003,20/10/2019 8:00,20/10/2019 8:01,No
1025,6590000003,6090000002,28/10/2019 14:16,28/10/2019 14:17,No
1027,6090000002,6590000003,17/10/2019 19:57,17/10/2019 19:58,No
1028,6590000003,6090000002,10/10/2019 18:49,10/10/2019 18:51,No
1029,6090000002,6590000003,9/10/2019 15:49,9/10/2019 15:50,No
1032,6590000003,6090000002,19/10/2019 18:05,19/10/2019 18:07,No
1033,6590000003,6090000002,22/10/2019 7:45,22/10/2019 7:46,No
1034,6590000003,6090000002,23/10/2019 6:20,23/10/2019 6:22,No
1035,6590000010,6590000001,30/10/2019 19:19,30/10/2019 19:21,No
1036,6590000001,6590000010,4/10/2019 17:55,4/10/2019 17:57,No
1037,6590000001,6590000010,29/10/2019 23:56,29/10/2019 23:57,No
1038,6590000010,6590000001,19/10/2019 21:45,19/10/2019 21:46,No
1039,6590000001,6590000010,23/10/2019 15:53,23/10/2019 15:55,No
1040,6590000010,6590000001,29/10/2019 5:37,29/10/2019 5:38,No
1041,6590000010,6590000001,7/10/2019 17:06,7/10/2019 17:07,No
1043,6590000010,6590000001,23/10/2019 5:05,23/10/2019 5:07,No
1044,6590000010,6590000001,17/10/2019 0:50,17/10/2019 0:51,No
1045,6590000010,6590000001,2/10/2019 2:41,2/10/2019 2:43,No
1046,6590000010,6590000001,7/10/2019 7:19,7/10/2019 7:21,No
1048,6590000001,6590000010,4/10/2019 6:40,4/10/2019 6:41,No
1051,6590000010,6590000001,30/10/2019 6:42,30/10/2019 6:44,No
1054,6590000001,6590000010,10/10/2019 22:42,10/10/2019 22:43,No
1056,6590000001,6590000010,11/10/2019 4:23,11/10/2019 4:25,No
1058,6590000001,6590000010,2/10/2019 17:04,2/10/2019 17:05,No
1059,6590000010,6590000001,5/10/2019 23:01,5/10/2019 23:02,No
1060,6590000001,6590000010,1/10/2019 2:03,1/10/2019 2:05,No
1062,6590000010,6590000001,11/10/2019 12:16,11/10/2019 12:17,No
1063,6590000010,6590000001,19/10/2019 12:42,19/10/2019 12:43,No
1064,6590000001,6590000010,18/10/2019 14:21,18/10/2019 14:22,No
1066,6590000010,6590000001,6/10/2019 23:07,6/10/2019 23:08,No
1067,6590000010,6590000001,14/10/2019 17:17,14/10/2019 17:18,No
1068,6590000001,6090000009,23/10/2019 6:51,23/10/2019 6:52,No
1069,6090000009,6590000001,6/10/2019 3:10,6/10/2019 3:11,No
1070,6090000009,6590000001,1/10/2019 17:42,1/10/2019 17:43,No
1071,6090000009,6590000001,3/10/2019 12:34,3/10/2019 12:37,No
1073,6590000001,6090000009,15/10/2019 20:06,15/10/2019 20:08,No
1074,6090000009,6590000001,1/10/2019 3:32,1/10/2019 3:34,No
1077,6590000001,6090000008,26/10/2019 21:17,26/10/2019 21:18,No
1078,6590000001,6090000008,22/10/2019 7:17,22/10/2019 7:19,No
1079,6090000008,6590000001,12/10/2019 21:55,12/10/2019 21:57,No
1082,6090000008,6590000001,1/10/2019 17:49,1/10/2019 17:51,No
1083,6090000008,6590000001,8/10/2019 7:21,8/10/2019 7:22,No
1084,6590000001,6090000008,30/10/2019 6:28,30/10/2019 6:29,No
1085,6590000001,6090000008,4/10/2019 23:26,4/10/2019 23:28,No
1086,6590000001,6090000008,9/10/2019 14:18,9/10/2019 14:20,No
1087,6090000008,6590000001,22/10/2019 18:29,22/10/2019 18:31,No
1090,6590000001,6090000007,14/10/2019 1:55,14/10/2019 1:56,No
1092,6590000001,6090000007,6/10/2019 21:27,6/10/2019 21:28,No
1093,6090000007,6590000001,13/10/2019 19:52,13/10/2019 19:53,No
1094,6590000001,6090000007,4/10/2019 11:29,4/10/2019 11:30,No
1095,6590000001,6090000007,2/10/2019 17:13,2/10/2019 17:15,No
1096,6590000001,6090000007,24/10/2019 5:25,24/10/2019 5:26,No
1097,6090000007,6590000001,30/10/2019 17:24,30/10/2019 17:25,No
1098,6590000001,6090000007,4/10/2019 13:53,4/10/2019 13:54,No
1099,6590000001,3490000006,19/10/2019 12:57,19/10/2019 12:59,No
1101,3490000006,6590000001,2/10/2019 13:02,2/10/2019 13:03,No
1102,6590000001,3490000006,19/10/2019 6:13,19/10/2019 6:15,No
1103,3490000006,6590000001,15/10/2019 3:51,15/10/2019 3:53,No
1104,3490000006,6590000001,22/10/2019 2:05,22/10/2019 2:05,No
1105,6590000001,3490000006,9/10/2019 23:50,9/10/2019 23:51,No
1106,6590000001,3490000006,1/10/2019 22:08,1/10/2019 22:10,No
1107,3490000006,6590000001,12/10/2019 8:05,12/10/2019 8:07,No
1109,3490000006,6590000001,18/10/2019 22:53,18/10/2019 22:54,No
1111,3490000006,6590000001,6/10/2019 22:58,6/10/2019 23:00,No
1112,6590000001,3490000006,29/10/2019 8:00,29/10/2019 8:01,No
1114,6590000001,3490000006,29/10/2019 5:45,29/10/2019 5:46,No
1115,6590000001,3490000006,13/10/2019 3:07,13/10/2019 3:09,No
1116,6590000001,3490000006,5/10/2019 19:35,5/10/2019 19:37,No
1117,6590000001,3490000006,15/10/2019 6:42,15/10/2019 6:43,No
1119,3490000006,6590000001,9/10/2019 22:51,9/10/2019 22:52,No
1120,3490000006,6590000001,3/10/2019 21:45,3/10/2019 21:47,No
1121,6590000001,3490000006,6/10/2019 2:32,6/10/2019 2:33,No
1122,3490000006,6590000001,24/10/2019 0:34,24/10/2019 0:35,No
1123,3490000006,6590000001,26/10/2019 13:58,26/10/2019 14:00,No
1126,6590000001,3490000006,18/10/2019 17:08,18/10/2019 17:09,No
1127,6590000001,3490000006,10/10/2019 9:32,10/10/2019 9:33,No
1128,6590000001,3490000006,19/10/2019 5:08,19/10/2019 5:10,No
1131,6590000001,3490000006,14/10/2019 6:25,14/10/2019 6:26,No
1132,6590000001,3490000006,1/10/2019 13:23,1/10/2019 13:25,No
1133,6590000001,3490000006,17/10/2019 5:09,17/10/2019 5:10,No
1134,3490000006,6590000001,26/10/2019 4:24,26/10/2019 4:25,No
1135,6590000001,3490000006,6/10/2019 18:45,6/10/2019 18:47,No
1136,6590000001,6590000005,19/10/2019 2:27,19/10/2019 2:28,No
1141,6590000001,6590000005,26/10/2019 6:27,26/10/2019 6:28,No
1144,6590000001,6590000005,28/10/2019 16:52,28/10/2019 16:54,No
1145,6590000005,6590000001,18/10/2019 10:02,18/10/2019 10:03,No
1146,6590000001,6590000005,3/10/2019 11:19,3/10/2019 11:21,No
1147,6590000005,6590000001,11/10/2019 0:26,11/10/2019 0:28,No
1148,6590000005,6590000001,9/10/2019 17:39,9/10/2019 17:40,No
1149,6590000005,6590000001,6/10/2019 19:43,6/10/2019 19:44,No
1151,6590000001,6590000005,25/10/2019 1:17,25/10/2019 1:18,No
1152,6590000005,6590000001,1/10/2019 11:57,1/10/2019 11:58,No
1153,6590000001,6590000005,26/10/2019 22:22,26/10/2019 22:23,No
1154,6590000005,6590000001,17/10/2019 20:55,17/10/2019 20:57,No
1155,6590000005,6590000001,8/10/2019 8:05,8/10/2019 8:06,No
1156,6590000001,6590000005,11/10/2019 2:27,11/10/2019 2:29,No
1157,6590000001,6590000005,11/10/2019 19:02,11/10/2019 19:04,No
1158,6590000001,6590000005,10/10/2019 19:43,10/10/2019 19:44,No
1159,6590000005,6590000001,18/10/2019 6:10,18/10/2019 6:12,No
1160,6590000005,6590000001,7/10/2019 8:38,7/10/2019 8:39,No
1161,6590000005,6590000001,16/10/2019 14:42,16/10/2019 14:44,No
1162,6590000005,6590000001,12/10/2019 0:42,12/10/2019 0:44,No
1163,6590000005,6590000001,23/10/2019 19:20,23/10/2019 19:22,No
1164,6590000001,6590000005,6/10/2019 7:37,6/10/2019 7:38,No
1165,6590000005,6590000001,26/10/2019 2:10,26/10/2019 2:12,No
1166,6590000001,6590000005,6/10/2019 8:11,6/10/2019 8:13,No
1167,6590000005,6590000001,6/10/2019 2:11,6/10/2019 2:12,No
1168,6590000005,6590000001,20/10/2019 16:22,20/10/2019 16:23,No
1169,6590000001,6590000005,5/10/2019 7:58,5/10/2019 8:00,No
1171,6590000005,6590000001,16/10/2019 8:38,16/10/2019 8:40,No
1173,6590000005,6590000001,6/10/2019 11:15,6/10/2019 11:16,No
1174,6590000005,6590000001,15/10/2019 13:58,15/10/2019 14:00,No
1178,6590000001,6590000005,23/10/2019 22:59,23/10/2019 23:01,No
1179,6590000004,6590000001,5/10/2019 17:45,5/10/2019 17:46,No
1180,6590000004,6590000001,25/10/2019 16:08,25/10/2019 16:09,No
1181,6590000001,6590000004,7/10/2019 15:37,7/10/2019 15:38,No
1182,6590000001,6590000004,9/10/2019 17:02,9/10/2019 17:05,No
1185,6590000001,6590000004,11/10/2019 2:34,11/10/2019 2:35,No
1186,6590000001,6590000004,30/10/2019 20:34,30/10/2019 20:36,No
1187,6590000001,6590000004,2/10/2019 6:43,2/10/2019 6:45,No
1188,6590000001,6590000004,17/10/2019 19:35,17/10/2019 19:36,No
1189,6590000001,6590000004,16/10/2019 18:06,16/10/2019 18:07,No
1190,6590000004,6590000001,12/10/2019 23:38,12/10/2019 23:39,No
1191,6590000004,6590000001,28/10/2019 15:12,28/10/2019 15:14,No
1192,6590000001,6590000004,16/10/2019 0:41,16/10/2019 0:42,No
1193,6590000001,6590000004,5/10/2019 3:18,5/10/2019 3:20,No
1195,6590000004,6590000001,11/10/2019 16:35,11/10/2019 16:37,No
1198,6590000001,6590000004,17/10/2019 1:15,17/10/2019 1:16,No
1200,6590000001,6590000004,29/10/2019 0:16,29/10/2019 0:18,No
1201,6590000001,6590000004,13/10/2019 18:34,13/10/2019 18:36,No
1203,6590000004,6590000001,24/10/2019 9:56,24/10/2019 9:57,No
1205,6590000004,6590000001,12/10/2019 7:40,12/10/2019 7:42,No
1206,6590000004,6590000001,28/10/2019 9:00,28/10/2019 9:01,No
1207,6590000004,6590000001,6/10/2019 4:36,6/10/2019 4:36,No
1209,6590000001,6590000004,9/10/2019 22:26,9/10/2019 22:28,No
1210,6590000004,6590000001,8/10/2019 7:59,8/10/2019 8:01,No
1211,6590000001,6590000004,28/10/2019 4:23,28/10/2019 4:24,No
1212,6590000001,6590000004,11/10/2019 9:25,11/10/2019 9:26,No
1213,6590000004,6590000001,2/10/2019 17:18,2/10/2019 17:19,No
1214,6590000001,6590000004,23/10/2019 19:17,23/10/2019 19:18,No
1216,6590000001,6590000004,4/10/2019 4:23,4/10/2019 4:26,No
1217,6590000001,6590000004,26/10/2019 23:13,26/10/2019 23:15,No
1218,6590000001,6590000004,23/10/2019 2:43,23/10/2019 2:45,No
1221,6590000003,6590000001,12/10/2019 21:42,12/10/2019 21:44,No
1222,6590000003,6590000001,13/10/2019 20:27,13/10/2019 20:28,No
1223,6590000001,6590000003,19/10/2019 7:12,19/10/2019 7:13,No
1224,6590000003,6590000001,12/10/2019 22:08,12/10/2019 22:09,No
1225,6590000003,6590000001,5/10/2019 9:54,5/10/2019 9:56,No
1226,6590000001,6590000003,30/10/2019 18:32,30/10/2019 18:33,No
1227,6590000003,6590000001,2/10/2019 6:22,2/10/2019 6:24,No
1228,6590000001,6590000003,21/10/2019 3:21,21/10/2019 3:22,No
1229,6590000003,6590000001,10/10/2019 17:44,10/10/2019 17:46,No
1230,6590000001,6590000003,1/10/2019 9:35,1/10/2019 9:36,No
1232,6090000002,6590000001,17/10/2019 7:43,17/10/2019 7:44,No
14,3490009999,6090000009,20/10/2019 23:26,20/10/2019 23:26,Yes
22,3490009999,6090000007,27/10/2019 3:52,27/10/2019 3:53,Yes
36,3490009998,6090000002,30/10/2019 19:45,30/10/2019 19:46,Yes
43,3490009998,6090000007,11/10/2019 5:09,11/10/2019 5:09,Yes
61,3490009997,6590000005,11/10/2019 4:01,11/10/2019 4:02,Yes
72,3490009996,6090000008,8/10/2019 22:23,8/10/2019 22:24,Yes
82,3490009996,6090000007,4/10/2019 22:39,4/10/2019 22:39,Yes
92,3490009995,6590000010,15/10/2019 10:00,15/10/2019 10:00,Yes
11,3490009994,3490000006,22/10/2019 6:47,22/10/2019 6:47,Yes
126,3490009994,6090000002,13/10/2019 5:10,13/10/2019 5:10,Yes
154,3490009992,6090000009,22/10/2019 11:01,22/10/2019 11:01,Yes
161,3490009992,6590000003,3/10/2019 14:30,3/10/2019 14:30,Yes
17,3490009991,3490000006,6/10/2019 3:32,6/10/2019 3:32,Yes
